uuid,min_x,min_y,max_x,max_y,start_date,end_date,geometry
6d57e4f5-c596-49e8-b98a-f2625e617686,8.26171875,49.49667452747043,8.4375,49.610709938074216,2022-05-01,2022-05-31,"POLYGON ((8.26171875 49.49667452747043, 8.26171875 49.610709938074216, 8.4375 49.610709938074216, 8.4375 49.49667452747043, 8.26171875 49.49667452747043))"
11aea133-c1e0-4ef0-9b5c-7a5b49eab917,8.4375,49.15296965617039,8.61328125,49.26780455063753,2022-05-01,2022-05-31,"POLYGON ((8.4375 49.15296965617039, 8.4375 49.26780455063753, 8.61328125 49.26780455063753, 8.61328125 49.15296965617039, 8.4375 49.15296965617039))"
fce51c3a-cd13-4d0e-ac67-655d309be9da,8.4375,49.26780455063753,8.61328125,49.38237278700955,2022-05-01,2022-05-31,"POLYGON ((8.4375 49.26780455063753, 8.4375 49.38237278700955, 8.61328125 49.38237278700955, 8.61328125 49.26780455063753, 8.4375 49.26780455063753))"
7f021d1b-a6c2-4f1d-aac4-d94df19cb43b,8.61328125,49.15296965617039,8.789062499999998,49.26780455063753,2022-05-01,2022-05-31,"POLYGON ((8.61328125 49.15296965617039, 8.61328125 49.26780455063753, 8.789062499999998 49.26780455063753, 8.789062499999998 49.15296965617039, 8.61328125 49.15296965617039))"
9de35307-ddb8-4fbd-be32-b7e6165d9231,8.61328125,49.26780455063753,8.789062499999998,49.38237278700955,2022-05-01,2022-05-31,"POLYGON ((8.61328125 49.26780455063753, 8.61328125 49.38237278700955, 8.789062499999998 49.38237278700955, 8.789062499999998 49.26780455063753, 8.61328125 49.26780455063753))"
33235e1c-f598-4eea-bde2-8d278816be81,8.789062499999998,49.15296965617039,8.96484375,49.26780455063753,2022-05-01,2022-05-31,"POLYGON ((8.789062499999998 49.15296965617039, 8.789062499999998 49.26780455063753, 8.96484375 49.26780455063753, 8.96484375 49.15296965617039, 8.789062499999998 49.15296965617039))"
25b3a226-0fd2-47b2-8fc5-1178a99ca0a2,8.789062499999998,49.26780455063753,8.96484375,49.38237278700955,2022-05-01,2022-05-31,"POLYGON ((8.789062499999998 49.26780455063753, 8.789062499999998 49.38237278700955, 8.96484375 49.38237278700955, 8.96484375 49.26780455063753, 8.789062499999998 49.26780455063753))"
1ed73090-5108-4d2f-a9b2-752117d939d5,8.96484375,49.15296965617039,9.140625,49.26780455063753,2022-05-01,2022-05-31,"POLYGON ((8.96484375 49.15296965617039, 8.96484375 49.26780455063753, 9.140625 49.26780455063753, 9.140625 49.15296965617039, 8.96484375 49.15296965617039))"
72a4e2b8-b999-43da-af33-133a7c404174,8.96484375,49.26780455063753,9.140625,49.38237278700955,2022-05-01,2022-05-31,"POLYGON ((8.96484375 49.26780455063753, 8.96484375 49.38237278700955, 9.140625 49.38237278700955, 9.140625 49.26780455063753, 8.96484375 49.26780455063753))"
3da5fffa-be6e-4c0c-b5ca-f4352b4649fd,8.4375,49.38237278700955,8.61328125,49.49667452747043,2022-05-01,2022-05-31,"POLYGON ((8.4375 49.38237278700955, 8.4375 49.49667452747043, 8.61328125 49.49667452747043, 8.61328125 49.38237278700955, 8.4375 49.38237278700955))"
c24082f6-e80f-4fa3-b0fd-3b35fba0c856,8.4375,49.49667452747043,8.61328125,49.610709938074216,2022-05-01,2022-05-31,"POLYGON ((8.4375 49.49667452747043, 8.4375 49.610709938074216, 8.61328125 49.610709938074216, 8.61328125 49.49667452747043, 8.4375 49.49667452747043))"
17abbaa6-1cfc-45dd-b5ec-2b910cb24a01,8.61328125,49.38237278700955,8.789062499999998,49.49667452747043,2022-05-01,2022-05-31,"POLYGON ((8.61328125 49.38237278700955, 8.61328125 49.49667452747043, 8.789062499999998 49.49667452747043, 8.789062499999998 49.38237278700955, 8.61328125 49.38237278700955))"
ea4931c9-0d38-4790-a742-86ad216c8265,8.61328125,49.49667452747043,8.789062499999998,49.610709938074216,2022-05-01,2022-05-31,"POLYGON ((8.61328125 49.49667452747043, 8.61328125 49.610709938074216, 8.789062499999998 49.610709938074216, 8.789062499999998 49.49667452747043, 8.61328125 49.49667452747043))"
74cc74e6-3e75-44b9-9bc6-235b6f70d065,8.4375,49.610709938074216,8.61328125,49.72447918871299,2022-05-01,2022-05-31,"POLYGON ((8.4375 49.610709938074216, 8.4375 49.72447918871299, 8.61328125 49.72447918871299, 8.61328125 49.610709938074216, 8.4375 49.610709938074216))"
37209541-425a-4fc4-bdc6-cf55fc10cc55,8.61328125,49.610709938074216,8.789062499999998,49.72447918871299,2022-05-01,2022-05-31,"POLYGON ((8.61328125 49.610709938074216, 8.61328125 49.72447918871299, 8.789062499999998 49.72447918871299, 8.789062499999998 49.610709938074216, 8.61328125 49.610709938074216))"
4f020abf-39f0-4da7-8075-5466049f52be,8.789062499999998,49.38237278700955,8.96484375,49.49667452747043,2022-05-01,2022-05-31,"POLYGON ((8.789062499999998 49.38237278700955, 8.789062499999998 49.49667452747043, 8.96484375 49.49667452747043, 8.96484375 49.38237278700955, 8.789062499999998 49.38237278700955))"
066aa3f1-5685-4368-8699-a28c7a8344b1,8.789062499999998,49.49667452747043,8.96484375,49.610709938074216,2022-05-01,2022-05-31,"POLYGON ((8.789062499999998 49.49667452747043, 8.789062499999998 49.610709938074216, 8.96484375 49.610709938074216, 8.96484375 49.49667452747043, 8.789062499999998 49.49667452747043))"
66f1ecd8-0d38-4bc8-b1d5-46629f043f39,8.96484375,49.38237278700955,9.140625,49.49667452747043,2022-05-01,2022-05-31,"POLYGON ((8.96484375 49.38237278700955, 8.96484375 49.49667452747043, 9.140625 49.49667452747043, 9.140625 49.38237278700955, 8.96484375 49.38237278700955))"
e2f5f2ca-e40a-40c7-a8c7-6cd61d277f82,8.96484375,49.49667452747043,9.140625,49.610709938074216,2022-05-01,2022-05-31,"POLYGON ((8.96484375 49.49667452747043, 8.96484375 49.610709938074216, 9.140625 49.610709938074216, 9.140625 49.49667452747043, 8.96484375 49.49667452747043))"
f5aeef49-9348-412e-a857-305d6f875375,8.26171875,49.49667452747043,8.4375,49.610709938074216,2022-07-01,2022-07-31,"POLYGON ((8.26171875 49.49667452747043, 8.26171875 49.610709938074216, 8.4375 49.610709938074216, 8.4375 49.49667452747043, 8.26171875 49.49667452747043))"
a7ce8a9b-bedd-42a8-9496-3b5e41ed8c84,8.4375,49.15296965617039,8.61328125,49.26780455063753,2022-07-01,2022-07-31,"POLYGON ((8.4375 49.15296965617039, 8.4375 49.26780455063753, 8.61328125 49.26780455063753, 8.61328125 49.15296965617039, 8.4375 49.15296965617039))"
a4ea86a2-8cad-4991-8c53-aebf6647300d,8.4375,49.26780455063753,8.61328125,49.38237278700955,2022-07-01,2022-07-31,"POLYGON ((8.4375 49.26780455063753, 8.4375 49.38237278700955, 8.61328125 49.38237278700955, 8.61328125 49.26780455063753, 8.4375 49.26780455063753))"
9fd0a7a1-343f-410c-9150-9669edbfb46b,8.61328125,49.15296965617039,8.789062499999998,49.26780455063753,2022-07-01,2022-07-31,"POLYGON ((8.61328125 49.15296965617039, 8.61328125 49.26780455063753, 8.789062499999998 49.26780455063753, 8.789062499999998 49.15296965617039, 8.61328125 49.15296965617039))"
200f67fa-1773-44fb-8281-4fab65010dea,8.61328125,49.26780455063753,8.789062499999998,49.38237278700955,2022-07-01,2022-07-31,"POLYGON ((8.61328125 49.26780455063753, 8.61328125 49.38237278700955, 8.789062499999998 49.38237278700955, 8.789062499999998 49.26780455063753, 8.61328125 49.26780455063753))"
924ff7e6-aad6-427a-ab31-509dfadfd9bf,8.789062499999998,49.15296965617039,8.96484375,49.26780455063753,2022-07-01,2022-07-31,"POLYGON ((8.789062499999998 49.15296965617039, 8.789062499999998 49.26780455063753, 8.96484375 49.26780455063753, 8.96484375 49.15296965617039, 8.789062499999998 49.15296965617039))"
62653fa5-0357-4a97-aea9-e342db80debb,8.789062499999998,49.26780455063753,8.96484375,49.38237278700955,2022-07-01,2022-07-31,"POLYGON ((8.789062499999998 49.26780455063753, 8.789062499999998 49.38237278700955, 8.96484375 49.38237278700955, 8.96484375 49.26780455063753, 8.789062499999998 49.26780455063753))"
fe22aa18-f7a9-4525-82fa-8646fb45093f,8.96484375,49.15296965617039,9.140625,49.26780455063753,2022-07-01,2022-07-31,"POLYGON ((8.96484375 49.15296965617039, 8.96484375 49.26780455063753, 9.140625 49.26780455063753, 9.140625 49.15296965617039, 8.96484375 49.15296965617039))"
7600491d-363e-431c-bfca-8972cdbff324,8.96484375,49.26780455063753,9.140625,49.38237278700955,2022-07-01,2022-07-31,"POLYGON ((8.96484375 49.26780455063753, 8.96484375 49.38237278700955, 9.140625 49.38237278700955, 9.140625 49.26780455063753, 8.96484375 49.26780455063753))"
0cd331a8-c9a0-4396-9897-d66455b3ba86,8.4375,49.38237278700955,8.61328125,49.49667452747043,2022-07-01,2022-07-31,"POLYGON ((8.4375 49.38237278700955, 8.4375 49.49667452747043, 8.61328125 49.49667452747043, 8.61328125 49.38237278700955, 8.4375 49.38237278700955))"
e51f3a95-a788-4787-84d2-1a119461d706,8.4375,49.49667452747043,8.61328125,49.610709938074216,2022-07-01,2022-07-31,"POLYGON ((8.4375 49.49667452747043, 8.4375 49.610709938074216, 8.61328125 49.610709938074216, 8.61328125 49.49667452747043, 8.4375 49.49667452747043))"
7c9691c1-a7df-497e-8d38-a3aabe5d1013,8.61328125,49.38237278700955,8.789062499999998,49.49667452747043,2022-07-01,2022-07-31,"POLYGON ((8.61328125 49.38237278700955, 8.61328125 49.49667452747043, 8.789062499999998 49.49667452747043, 8.789062499999998 49.38237278700955, 8.61328125 49.38237278700955))"
22d45e02-98a3-43d2-b6f3-e143213b89dc,8.61328125,49.49667452747043,8.789062499999998,49.610709938074216,2022-07-01,2022-07-31,"POLYGON ((8.61328125 49.49667452747043, 8.61328125 49.610709938074216, 8.789062499999998 49.610709938074216, 8.789062499999998 49.49667452747043, 8.61328125 49.49667452747043))"
5afe5676-496e-418e-a9b9-309c9c4a3f37,8.4375,49.610709938074216,8.61328125,49.72447918871299,2022-07-01,2022-07-31,"POLYGON ((8.4375 49.610709938074216, 8.4375 49.72447918871299, 8.61328125 49.72447918871299, 8.61328125 49.610709938074216, 8.4375 49.610709938074216))"
9668dbe5-cc94-4633-8749-463f1b26df72,8.61328125,49.610709938074216,8.789062499999998,49.72447918871299,2022-07-01,2022-07-31,"POLYGON ((8.61328125 49.610709938074216, 8.61328125 49.72447918871299, 8.789062499999998 49.72447918871299, 8.789062499999998 49.610709938074216, 8.61328125 49.610709938074216))"
f362b002-5a1c-46aa-aba3-db1c21826a56,8.789062499999998,49.38237278700955,8.96484375,49.49667452747043,2022-07-01,2022-07-31,"POLYGON ((8.789062499999998 49.38237278700955, 8.789062499999998 49.49667452747043, 8.96484375 49.49667452747043, 8.96484375 49.38237278700955, 8.789062499999998 49.38237278700955))"
7aa04d62-2373-4af4-b505-cf538bcb8834,8.789062499999998,49.49667452747043,8.96484375,49.610709938074216,2022-07-01,2022-07-31,"POLYGON ((8.789062499999998 49.49667452747043, 8.789062499999998 49.610709938074216, 8.96484375 49.610709938074216, 8.96484375 49.49667452747043, 8.789062499999998 49.49667452747043))"
f1853fd7-c512-45e0-8052-778302aca815,8.96484375,49.38237278700955,9.140625,49.49667452747043,2022-07-01,2022-07-31,"POLYGON ((8.96484375 49.38237278700955, 8.96484375 49.49667452747043, 9.140625 49.49667452747043, 9.140625 49.38237278700955, 8.96484375 49.38237278700955))"
d4b760ff-7e3d-45bf-baf8-e4aca49922ce,8.96484375,49.49667452747043,9.140625,49.610709938074216,2022-07-01,2022-07-31,"POLYGON ((8.96484375 49.49667452747043, 8.96484375 49.610709938074216, 9.140625 49.610709938074216, 9.140625 49.49667452747043, 8.96484375 49.49667452747043))"
c3de4d46-d62e-4792-be5f-5b9dceadf2f3,8.26171875,49.49667452747043,8.4375,49.610709938074216,2022-09-01,2022-09-30,"POLYGON ((8.26171875 49.49667452747043, 8.26171875 49.610709938074216, 8.4375 49.610709938074216, 8.4375 49.49667452747043, 8.26171875 49.49667452747043))"
575a82db-8bc3-496d-83a0-b7bf2dbff54c,8.4375,49.15296965617039,8.61328125,49.26780455063753,2022-09-01,2022-09-30,"POLYGON ((8.4375 49.15296965617039, 8.4375 49.26780455063753, 8.61328125 49.26780455063753, 8.61328125 49.15296965617039, 8.4375 49.15296965617039))"
c80096b5-fdfa-4dcc-9124-40f146578037,8.4375,49.26780455063753,8.61328125,49.38237278700955,2022-09-01,2022-09-30,"POLYGON ((8.4375 49.26780455063753, 8.4375 49.38237278700955, 8.61328125 49.38237278700955, 8.61328125 49.26780455063753, 8.4375 49.26780455063753))"
052028a7-eb65-44bf-afce-79d0d9bd7001,8.61328125,49.15296965617039,8.789062499999998,49.26780455063753,2022-09-01,2022-09-30,"POLYGON ((8.61328125 49.15296965617039, 8.61328125 49.26780455063753, 8.789062499999998 49.26780455063753, 8.789062499999998 49.15296965617039, 8.61328125 49.15296965617039))"
ea7e7b28-ccea-40a5-bc15-b05f0b8690b9,8.61328125,49.26780455063753,8.789062499999998,49.38237278700955,2022-09-01,2022-09-30,"POLYGON ((8.61328125 49.26780455063753, 8.61328125 49.38237278700955, 8.789062499999998 49.38237278700955, 8.789062499999998 49.26780455063753, 8.61328125 49.26780455063753))"
6145418d-f9b8-4c7b-986b-f57d87d8668c,8.789062499999998,49.15296965617039,8.96484375,49.26780455063753,2022-09-01,2022-09-30,"POLYGON ((8.789062499999998 49.15296965617039, 8.789062499999998 49.26780455063753, 8.96484375 49.26780455063753, 8.96484375 49.15296965617039, 8.789062499999998 49.15296965617039))"
ee2c1375-0e8e-4bf8-8216-58ce2f00161e,8.789062499999998,49.26780455063753,8.96484375,49.38237278700955,2022-09-01,2022-09-30,"POLYGON ((8.789062499999998 49.26780455063753, 8.789062499999998 49.38237278700955, 8.96484375 49.38237278700955, 8.96484375 49.26780455063753, 8.789062499999998 49.26780455063753))"
2844fc8d-39a7-428b-a3f3-b44275fdb8fb,8.96484375,49.15296965617039,9.140625,49.26780455063753,2022-09-01,2022-09-30,"POLYGON ((8.96484375 49.15296965617039, 8.96484375 49.26780455063753, 9.140625 49.26780455063753, 9.140625 49.15296965617039, 8.96484375 49.15296965617039))"
b3b23c1a-634f-481f-ace7-8d16161a0076,8.96484375,49.26780455063753,9.140625,49.38237278700955,2022-09-01,2022-09-30,"POLYGON ((8.96484375 49.26780455063753, 8.96484375 49.38237278700955, 9.140625 49.38237278700955, 9.140625 49.26780455063753, 8.96484375 49.26780455063753))"
0c70eb80-e868-4787-9c51-d1b4acae5f88,8.4375,49.38237278700955,8.61328125,49.49667452747043,2022-09-01,2022-09-30,"POLYGON ((8.4375 49.38237278700955, 8.4375 49.49667452747043, 8.61328125 49.49667452747043, 8.61328125 49.38237278700955, 8.4375 49.38237278700955))"
6a5fce8c-7574-4963-bc19-11686da7e732,8.4375,49.49667452747043,8.61328125,49.610709938074216,2022-09-01,2022-09-30,"POLYGON ((8.4375 49.49667452747043, 8.4375 49.610709938074216, 8.61328125 49.610709938074216, 8.61328125 49.49667452747043, 8.4375 49.49667452747043))"
ed33e0b2-2391-4528-9a68-5f4909149033,8.61328125,49.38237278700955,8.789062499999998,49.49667452747043,2022-09-01,2022-09-30,"POLYGON ((8.61328125 49.38237278700955, 8.61328125 49.49667452747043, 8.789062499999998 49.49667452747043, 8.789062499999998 49.38237278700955, 8.61328125 49.38237278700955))"
f03e63e7-7bd0-40ed-b413-0939355f0b2c,8.61328125,49.49667452747043,8.789062499999998,49.610709938074216,2022-09-01,2022-09-30,"POLYGON ((8.61328125 49.49667452747043, 8.61328125 49.610709938074216, 8.789062499999998 49.610709938074216, 8.789062499999998 49.49667452747043, 8.61328125 49.49667452747043))"
bb9bc9fd-de98-4f26-b28a-95f9d938ea25,8.4375,49.610709938074216,8.61328125,49.72447918871299,2022-09-01,2022-09-30,"POLYGON ((8.4375 49.610709938074216, 8.4375 49.72447918871299, 8.61328125 49.72447918871299, 8.61328125 49.610709938074216, 8.4375 49.610709938074216))"
09eb092a-db91-4ee1-9d97-01c834116169,8.61328125,49.610709938074216,8.789062499999998,49.72447918871299,2022-09-01,2022-09-30,"POLYGON ((8.61328125 49.610709938074216, 8.61328125 49.72447918871299, 8.789062499999998 49.72447918871299, 8.789062499999998 49.610709938074216, 8.61328125 49.610709938074216))"
ef9c529f-d509-41b7-9595-5a4555380bea,8.789062499999998,49.38237278700955,8.96484375,49.49667452747043,2022-09-01,2022-09-30,"POLYGON ((8.789062499999998 49.38237278700955, 8.789062499999998 49.49667452747043, 8.96484375 49.49667452747043, 8.96484375 49.38237278700955, 8.789062499999998 49.38237278700955))"
ca957796-79da-4f15-ad37-d585082c113b,8.789062499999998,49.49667452747043,8.96484375,49.610709938074216,2022-09-01,2022-09-30,"POLYGON ((8.789062499999998 49.49667452747043, 8.789062499999998 49.610709938074216, 8.96484375 49.610709938074216, 8.96484375 49.49667452747043, 8.789062499999998 49.49667452747043))"
de47557a-6c69-4f5d-968d-1d7594382db6,8.96484375,49.38237278700955,9.140625,49.49667452747043,2022-09-01,2022-09-30,"POLYGON ((8.96484375 49.38237278700955, 8.96484375 49.49667452747043, 9.140625 49.49667452747043, 9.140625 49.38237278700955, 8.96484375 49.38237278700955))"
4ea58e9c-4cb7-42c5-9377-d368693d29d0,8.96484375,49.49667452747043,9.140625,49.610709938074216,2022-09-01,2022-09-30,"POLYGON ((8.96484375 49.49667452747043, 8.96484375 49.610709938074216, 9.140625 49.610709938074216, 9.140625 49.49667452747043, 8.96484375 49.49667452747043))"
0cc21155-7f74-4ee3-b58f-dfc8bcda2c54,8.26171875,49.49667452747043,8.4375,49.610709938074216,2023-05-01,2023-05-31,"POLYGON ((8.26171875 49.49667452747043, 8.26171875 49.610709938074216, 8.4375 49.610709938074216, 8.4375 49.49667452747043, 8.26171875 49.49667452747043))"
e5c19069-206c-47a9-9a02-e482e319fcc9,8.4375,49.15296965617039,8.61328125,49.26780455063753,2023-05-01,2023-05-31,"POLYGON ((8.4375 49.15296965617039, 8.4375 49.26780455063753, 8.61328125 49.26780455063753, 8.61328125 49.15296965617039, 8.4375 49.15296965617039))"
ca7fe6b1-e095-409a-bdce-6ea6d282b864,8.4375,49.26780455063753,8.61328125,49.38237278700955,2023-05-01,2023-05-31,"POLYGON ((8.4375 49.26780455063753, 8.4375 49.38237278700955, 8.61328125 49.38237278700955, 8.61328125 49.26780455063753, 8.4375 49.26780455063753))"
c999d587-5a88-48ea-b452-7dfc5b354651,8.61328125,49.15296965617039,8.789062499999998,49.26780455063753,2023-05-01,2023-05-31,"POLYGON ((8.61328125 49.15296965617039, 8.61328125 49.26780455063753, 8.789062499999998 49.26780455063753, 8.789062499999998 49.15296965617039, 8.61328125 49.15296965617039))"
56f3b128-0bfb-44a2-a66e-9082632d85ab,8.61328125,49.26780455063753,8.789062499999998,49.38237278700955,2023-05-01,2023-05-31,"POLYGON ((8.61328125 49.26780455063753, 8.61328125 49.38237278700955, 8.789062499999998 49.38237278700955, 8.789062499999998 49.26780455063753, 8.61328125 49.26780455063753))"
78053a4b-0d08-49f7-8d7d-48bf430e4a14,8.789062499999998,49.15296965617039,8.96484375,49.26780455063753,2023-05-01,2023-05-31,"POLYGON ((8.789062499999998 49.15296965617039, 8.789062499999998 49.26780455063753, 8.96484375 49.26780455063753, 8.96484375 49.15296965617039, 8.789062499999998 49.15296965617039))"
25deea23-29d0-4270-999c-e0582bbdbd73,8.789062499999998,49.26780455063753,8.96484375,49.38237278700955,2023-05-01,2023-05-31,"POLYGON ((8.789062499999998 49.26780455063753, 8.789062499999998 49.38237278700955, 8.96484375 49.38237278700955, 8.96484375 49.26780455063753, 8.789062499999998 49.26780455063753))"
60fc502b-e78a-4926-964c-88a8e1b80464,8.96484375,49.15296965617039,9.140625,49.26780455063753,2023-05-01,2023-05-31,"POLYGON ((8.96484375 49.15296965617039, 8.96484375 49.26780455063753, 9.140625 49.26780455063753, 9.140625 49.15296965617039, 8.96484375 49.15296965617039))"
10ceda0e-74f3-43b6-be09-6e7ce8e40e8a,8.96484375,49.26780455063753,9.140625,49.38237278700955,2023-05-01,2023-05-31,"POLYGON ((8.96484375 49.26780455063753, 8.96484375 49.38237278700955, 9.140625 49.38237278700955, 9.140625 49.26780455063753, 8.96484375 49.26780455063753))"
4a13ec83-a0dd-4ea9-8a18-c67de4c3cc89,8.4375,49.38237278700955,8.61328125,49.49667452747043,2023-05-01,2023-05-31,"POLYGON ((8.4375 49.38237278700955, 8.4375 49.49667452747043, 8.61328125 49.49667452747043, 8.61328125 49.38237278700955, 8.4375 49.38237278700955))"
8d6252ec-0fb4-4873-897e-1e346df1658a,8.4375,49.49667452747043,8.61328125,49.610709938074216,2023-05-01,2023-05-31,"POLYGON ((8.4375 49.49667452747043, 8.4375 49.610709938074216, 8.61328125 49.610709938074216, 8.61328125 49.49667452747043, 8.4375 49.49667452747043))"
c9195372-ee06-445f-9946-307f5107200d,8.61328125,49.38237278700955,8.789062499999998,49.49667452747043,2023-05-01,2023-05-31,"POLYGON ((8.61328125 49.38237278700955, 8.61328125 49.49667452747043, 8.789062499999998 49.49667452747043, 8.789062499999998 49.38237278700955, 8.61328125 49.38237278700955))"
1610714f-a91a-4165-9d52-32e6a7b77c14,8.61328125,49.49667452747043,8.789062499999998,49.610709938074216,2023-05-01,2023-05-31,"POLYGON ((8.61328125 49.49667452747043, 8.61328125 49.610709938074216, 8.789062499999998 49.610709938074216, 8.789062499999998 49.49667452747043, 8.61328125 49.49667452747043))"
729519d0-0062-4531-9918-6f39941e6409,8.4375,49.610709938074216,8.61328125,49.72447918871299,2023-05-01,2023-05-31,"POLYGON ((8.4375 49.610709938074216, 8.4375 49.72447918871299, 8.61328125 49.72447918871299, 8.61328125 49.610709938074216, 8.4375 49.610709938074216))"
dca6285d-8554-440b-932d-9abe411e99d7,8.61328125,49.610709938074216,8.789062499999998,49.72447918871299,2023-05-01,2023-05-31,"POLYGON ((8.61328125 49.610709938074216, 8.61328125 49.72447918871299, 8.789062499999998 49.72447918871299, 8.789062499999998 49.610709938074216, 8.61328125 49.610709938074216))"
8bcf8fe6-1402-485f-85a6-ad6029f311f7,8.789062499999998,49.38237278700955,8.96484375,49.49667452747043,2023-05-01,2023-05-31,"POLYGON ((8.789062499999998 49.38237278700955, 8.789062499999998 49.49667452747043, 8.96484375 49.49667452747043, 8.96484375 49.38237278700955, 8.789062499999998 49.38237278700955))"
bb2499e3-75c3-4e09-b0b7-c2688ca5deae,8.789062499999998,49.49667452747043,8.96484375,49.610709938074216,2023-05-01,2023-05-31,"POLYGON ((8.789062499999998 49.49667452747043, 8.789062499999998 49.610709938074216, 8.96484375 49.610709938074216, 8.96484375 49.49667452747043, 8.789062499999998 49.49667452747043))"
a6bb959a-0e44-404d-ad42-c3bb8fa0099e,8.96484375,49.38237278700955,9.140625,49.49667452747043,2023-05-01,2023-05-31,"POLYGON ((8.96484375 49.38237278700955, 8.96484375 49.49667452747043, 9.140625 49.49667452747043, 9.140625 49.38237278700955, 8.96484375 49.38237278700955))"
c8a99447-6d60-43a8-acc1-db97c2302103,8.96484375,49.49667452747043,9.140625,49.610709938074216,2023-05-01,2023-05-31,"POLYGON ((8.96484375 49.49667452747043, 8.96484375 49.610709938074216, 9.140625 49.610709938074216, 9.140625 49.49667452747043, 8.96484375 49.49667452747043))"
d5680e36-7eb6-42df-9636-41b00300b4f7,8.26171875,49.49667452747043,8.4375,49.610709938074216,2023-07-01,2023-07-31,"POLYGON ((8.26171875 49.49667452747043, 8.26171875 49.610709938074216, 8.4375 49.610709938074216, 8.4375 49.49667452747043, 8.26171875 49.49667452747043))"
81e436aa-9bfc-4cdb-b7af-3ef6263c3cc7,8.4375,49.15296965617039,8.61328125,49.26780455063753,2023-07-01,2023-07-31,"POLYGON ((8.4375 49.15296965617039, 8.4375 49.26780455063753, 8.61328125 49.26780455063753, 8.61328125 49.15296965617039, 8.4375 49.15296965617039))"
82d2272f-afb1-4562-8970-b16758692bd9,8.4375,49.26780455063753,8.61328125,49.38237278700955,2023-07-01,2023-07-31,"POLYGON ((8.4375 49.26780455063753, 8.4375 49.38237278700955, 8.61328125 49.38237278700955, 8.61328125 49.26780455063753, 8.4375 49.26780455063753))"
d5a30f03-b07b-4129-a704-bfa5b04c0bba,8.61328125,49.15296965617039,8.789062499999998,49.26780455063753,2023-07-01,2023-07-31,"POLYGON ((8.61328125 49.15296965617039, 8.61328125 49.26780455063753, 8.789062499999998 49.26780455063753, 8.789062499999998 49.15296965617039, 8.61328125 49.15296965617039))"
ec91d522-7f57-4c0a-b769-e560a3224979,8.61328125,49.26780455063753,8.789062499999998,49.38237278700955,2023-07-01,2023-07-31,"POLYGON ((8.61328125 49.26780455063753, 8.61328125 49.38237278700955, 8.789062499999998 49.38237278700955, 8.789062499999998 49.26780455063753, 8.61328125 49.26780455063753))"
356d2085-f11c-4f3c-ae44-e485228880a6,8.789062499999998,49.15296965617039,8.96484375,49.26780455063753,2023-07-01,2023-07-31,"POLYGON ((8.789062499999998 49.15296965617039, 8.789062499999998 49.26780455063753, 8.96484375 49.26780455063753, 8.96484375 49.15296965617039, 8.789062499999998 49.15296965617039))"
8680cbbf-76f1-48c7-bd19-7d6bcde8ca4b,8.789062499999998,49.26780455063753,8.96484375,49.38237278700955,2023-07-01,2023-07-31,"POLYGON ((8.789062499999998 49.26780455063753, 8.789062499999998 49.38237278700955, 8.96484375 49.38237278700955, 8.96484375 49.26780455063753, 8.789062499999998 49.26780455063753))"
fb3a18bf-f581-444e-846a-4cce59b35ca8,8.96484375,49.15296965617039,9.140625,49.26780455063753,2023-07-01,2023-07-31,"POLYGON ((8.96484375 49.15296965617039, 8.96484375 49.26780455063753, 9.140625 49.26780455063753, 9.140625 49.15296965617039, 8.96484375 49.15296965617039))"
f44910cc-1c67-46a7-83c3-bd08f2ffe441,8.96484375,49.26780455063753,9.140625,49.38237278700955,2023-07-01,2023-07-31,"POLYGON ((8.96484375 49.26780455063753, 8.96484375 49.38237278700955, 9.140625 49.38237278700955, 9.140625 49.26780455063753, 8.96484375 49.26780455063753))"
64021551-4a6e-4bf9-adcd-29cfdf5d5991,8.4375,49.38237278700955,8.61328125,49.49667452747043,2023-07-01,2023-07-31,"POLYGON ((8.4375 49.38237278700955, 8.4375 49.49667452747043, 8.61328125 49.49667452747043, 8.61328125 49.38237278700955, 8.4375 49.38237278700955))"
44759664-e666-41df-b57b-5bf660f6af3f,8.4375,49.49667452747043,8.61328125,49.610709938074216,2023-07-01,2023-07-31,"POLYGON ((8.4375 49.49667452747043, 8.4375 49.610709938074216, 8.61328125 49.610709938074216, 8.61328125 49.49667452747043, 8.4375 49.49667452747043))"
385bc851-87ca-4030-81a4-61aef06b51b5,8.61328125,49.38237278700955,8.789062499999998,49.49667452747043,2023-07-01,2023-07-31,"POLYGON ((8.61328125 49.38237278700955, 8.61328125 49.49667452747043, 8.789062499999998 49.49667452747043, 8.789062499999998 49.38237278700955, 8.61328125 49.38237278700955))"
b5c03372-aa8a-45ce-b8c0-89c9cdc2f3e6,8.61328125,49.49667452747043,8.789062499999998,49.610709938074216,2023-07-01,2023-07-31,"POLYGON ((8.61328125 49.49667452747043, 8.61328125 49.610709938074216, 8.789062499999998 49.610709938074216, 8.789062499999998 49.49667452747043, 8.61328125 49.49667452747043))"
25451f3a-18d5-4517-a477-6a998130cbe4,8.4375,49.610709938074216,8.61328125,49.72447918871299,2023-07-01,2023-07-31,"POLYGON ((8.4375 49.610709938074216, 8.4375 49.72447918871299, 8.61328125 49.72447918871299, 8.61328125 49.610709938074216, 8.4375 49.610709938074216))"
f40fb0c4-5225-42a3-8413-cc4d04c15783,8.61328125,49.610709938074216,8.789062499999998,49.72447918871299,2023-07-01,2023-07-31,"POLYGON ((8.61328125 49.610709938074216, 8.61328125 49.72447918871299, 8.789062499999998 49.72447918871299, 8.789062499999998 49.610709938074216, 8.61328125 49.610709938074216))"
3e0d9af3-aed6-4c47-8f63-b9bc3203f91c,8.789062499999998,49.38237278700955,8.96484375,49.49667452747043,2023-07-01,2023-07-31,"POLYGON ((8.789062499999998 49.38237278700955, 8.789062499999998 49.49667452747043, 8.96484375 49.49667452747043, 8.96484375 49.38237278700955, 8.789062499999998 49.38237278700955))"
98a89f8a-57c7-4b59-94c0-4da6708ffc17,8.789062499999998,49.49667452747043,8.96484375,49.610709938074216,2023-07-01,2023-07-31,"POLYGON ((8.789062499999998 49.49667452747043, 8.789062499999998 49.610709938074216, 8.96484375 49.610709938074216, 8.96484375 49.49667452747043, 8.789062499999998 49.49667452747043))"
81c940af-747b-44b9-a997-347fe36ae818,8.96484375,49.38237278700955,9.140625,49.49667452747043,2023-07-01,2023-07-31,"POLYGON ((8.96484375 49.38237278700955, 8.96484375 49.49667452747043, 9.140625 49.49667452747043, 9.140625 49.38237278700955, 8.96484375 49.38237278700955))"
09ad80f0-10c4-4c44-bc49-e288b24b647f,8.96484375,49.49667452747043,9.140625,49.610709938074216,2023-07-01,2023-07-31,"POLYGON ((8.96484375 49.49667452747043, 8.96484375 49.610709938074216, 9.140625 49.610709938074216, 9.140625 49.49667452747043, 8.96484375 49.49667452747043))"
16561478-b973-4e8d-acd1-0c41bc948d87,8.26171875,49.49667452747043,8.4375,49.610709938074216,2023-09-01,2023-09-30,"POLYGON ((8.26171875 49.49667452747043, 8.26171875 49.610709938074216, 8.4375 49.610709938074216, 8.4375 49.49667452747043, 8.26171875 49.49667452747043))"
4c6b9578-cfcc-4fc8-a71e-a7c98651461d,8.4375,49.15296965617039,8.61328125,49.26780455063753,2023-09-01,2023-09-30,"POLYGON ((8.4375 49.15296965617039, 8.4375 49.26780455063753, 8.61328125 49.26780455063753, 8.61328125 49.15296965617039, 8.4375 49.15296965617039))"
c2725bd8-0184-40cf-a1dc-75287c46f6e6,8.4375,49.26780455063753,8.61328125,49.38237278700955,2023-09-01,2023-09-30,"POLYGON ((8.4375 49.26780455063753, 8.4375 49.38237278700955, 8.61328125 49.38237278700955, 8.61328125 49.26780455063753, 8.4375 49.26780455063753))"
cf83790f-6418-4c63-9d56-b1cd45198abc,8.61328125,49.15296965617039,8.789062499999998,49.26780455063753,2023-09-01,2023-09-30,"POLYGON ((8.61328125 49.15296965617039, 8.61328125 49.26780455063753, 8.789062499999998 49.26780455063753, 8.789062499999998 49.15296965617039, 8.61328125 49.15296965617039))"
ec810f0f-a209-4160-bf80-e16465e91d23,8.61328125,49.26780455063753,8.789062499999998,49.38237278700955,2023-09-01,2023-09-30,"POLYGON ((8.61328125 49.26780455063753, 8.61328125 49.38237278700955, 8.789062499999998 49.38237278700955, 8.789062499999998 49.26780455063753, 8.61328125 49.26780455063753))"
3498bc8e-5a89-4a17-9a21-f513142ac7c1,8.789062499999998,49.15296965617039,8.96484375,49.26780455063753,2023-09-01,2023-09-30,"POLYGON ((8.789062499999998 49.15296965617039, 8.789062499999998 49.26780455063753, 8.96484375 49.26780455063753, 8.96484375 49.15296965617039, 8.789062499999998 49.15296965617039))"
f9c3c90b-7776-4714-9898-f099fb2d9934,8.789062499999998,49.26780455063753,8.96484375,49.38237278700955,2023-09-01,2023-09-30,"POLYGON ((8.789062499999998 49.26780455063753, 8.789062499999998 49.38237278700955, 8.96484375 49.38237278700955, 8.96484375 49.26780455063753, 8.789062499999998 49.26780455063753))"
4d02545e-e420-449b-ae0a-62a071ecab87,8.96484375,49.15296965617039,9.140625,49.26780455063753,2023-09-01,2023-09-30,"POLYGON ((8.96484375 49.15296965617039, 8.96484375 49.26780455063753, 9.140625 49.26780455063753, 9.140625 49.15296965617039, 8.96484375 49.15296965617039))"
6eb1a894-dc69-4962-b22e-91e25c8640df,8.96484375,49.26780455063753,9.140625,49.38237278700955,2023-09-01,2023-09-30,"POLYGON ((8.96484375 49.26780455063753, 8.96484375 49.38237278700955, 9.140625 49.38237278700955, 9.140625 49.26780455063753, 8.96484375 49.26780455063753))"
e56a059d-d88c-4277-abcf-ada751450239,8.4375,49.38237278700955,8.61328125,49.49667452747043,2023-09-01,2023-09-30,"POLYGON ((8.4375 49.38237278700955, 8.4375 49.49667452747043, 8.61328125 49.49667452747043, 8.61328125 49.38237278700955, 8.4375 49.38237278700955))"
e7d04dc6-abf2-48f5-b859-0f2c7d77a6d5,8.4375,49.49667452747043,8.61328125,49.610709938074216,2023-09-01,2023-09-30,"POLYGON ((8.4375 49.49667452747043, 8.4375 49.610709938074216, 8.61328125 49.610709938074216, 8.61328125 49.49667452747043, 8.4375 49.49667452747043))"
37069879-137f-4f6c-81fd-2f9a5b0e98f5,8.61328125,49.38237278700955,8.789062499999998,49.49667452747043,2023-09-01,2023-09-30,"POLYGON ((8.61328125 49.38237278700955, 8.61328125 49.49667452747043, 8.789062499999998 49.49667452747043, 8.789062499999998 49.38237278700955, 8.61328125 49.38237278700955))"
cf438b0c-d3ef-447d-8c45-874931bd6c2e,8.61328125,49.49667452747043,8.789062499999998,49.610709938074216,2023-09-01,2023-09-30,"POLYGON ((8.61328125 49.49667452747043, 8.61328125 49.610709938074216, 8.789062499999998 49.610709938074216, 8.789062499999998 49.49667452747043, 8.61328125 49.49667452747043))"
030b3f08-5704-436d-afd9-cb2a076dbe06,8.4375,49.610709938074216,8.61328125,49.72447918871299,2023-09-01,2023-09-30,"POLYGON ((8.4375 49.610709938074216, 8.4375 49.72447918871299, 8.61328125 49.72447918871299, 8.61328125 49.610709938074216, 8.4375 49.610709938074216))"
c814fe4a-e324-402a-bc92-172ebce24a2a,8.61328125,49.610709938074216,8.789062499999998,49.72447918871299,2023-09-01,2023-09-30,"POLYGON ((8.61328125 49.610709938074216, 8.61328125 49.72447918871299, 8.789062499999998 49.72447918871299, 8.789062499999998 49.610709938074216, 8.61328125 49.610709938074216))"
b6397918-39fa-487b-a2b2-1a0a0f85e0d1,8.789062499999998,49.38237278700955,8.96484375,49.49667452747043,2023-09-01,2023-09-30,"POLYGON ((8.789062499999998 49.38237278700955, 8.789062499999998 49.49667452747043, 8.96484375 49.49667452747043, 8.96484375 49.38237278700955, 8.789062499999998 49.38237278700955))"
3026c912-cc51-47a2-81e4-8cc960541a32,8.789062499999998,49.49667452747043,8.96484375,49.610709938074216,2023-09-01,2023-09-30,"POLYGON ((8.789062499999998 49.49667452747043, 8.789062499999998 49.610709938074216, 8.96484375 49.610709938074216, 8.96484375 49.49667452747043, 8.789062499999998 49.49667452747043))"
1f96b186-b730-4b75-87c9-a9a117fa9375,8.96484375,49.38237278700955,9.140625,49.49667452747043,2023-09-01,2023-09-30,"POLYGON ((8.96484375 49.38237278700955, 8.96484375 49.49667452747043, 9.140625 49.49667452747043, 9.140625 49.38237278700955, 8.96484375 49.38237278700955))"
241c2671-e375-4cbc-8a13-aaf47f4d643a,8.96484375,49.49667452747043,9.140625,49.610709938074216,2023-09-01,2023-09-30,"POLYGON ((8.96484375 49.49667452747043, 8.96484375 49.610709938074216, 9.140625 49.610709938074216, 9.140625 49.49667452747043, 8.96484375 49.49667452747043))"
